﻿<?xml version="1.0"?>
<doc>
<assembly>
<name>
FirstNote
</name>
</assembly>
<members>
<member name="T:FirstNote.My.Resources.Resources">
<summary>
  Une classe de ressource fortement typée destinée, entre autres, à la consultation des chaînes localisées.
</summary>
</member>
<member name="P:FirstNote.My.Resources.Resources.ResourceManager">
<summary>
  Retourne l'instance ResourceManager mise en cache utilisée par cette classe.
</summary>
</member>
<member name="P:FirstNote.My.Resources.Resources.Culture">
<summary>
  Remplace la propriété CurrentUICulture du thread actuel pour toutes
  les recherches de ressources à l'aide de cette classe de ressource fortement typée.
</summary>
</member>
<member name="P:FirstNote.My.Resources.Resources.angle_droit">
<summary>
  Recherche une ressource localisée de type System.Drawing.Bitmap.
</summary>
</member>
<member name="P:FirstNote.My.Resources.Resources.copie">
<summary>
  Recherche une ressource localisée de type System.Drawing.Bitmap.
</summary>
</member>
<member name="P:FirstNote.My.Resources.Resources.croix">
<summary>
  Recherche une ressource localisée de type System.Drawing.Bitmap.
</summary>
</member>
<member name="P:FirstNote.My.Resources.Resources.editer">
<summary>
  Recherche une ressource localisée de type System.Drawing.Bitmap.
</summary>
</member>
<member name="P:FirstNote.My.Resources.Resources.liste">
<summary>
  Recherche une ressource localisée de type System.Drawing.Bitmap.
</summary>
</member>
<member name="P:FirstNote.My.Resources.Resources.maximiser">
<summary>
  Recherche une ressource localisée de type System.Drawing.Bitmap.
</summary>
</member>
<member name="P:FirstNote.My.Resources.Resources.plus">
<summary>
  Recherche une ressource localisée de type System.Drawing.Bitmap.
</summary>
</member>
<member name="P:FirstNote.My.Resources.Resources.programmation">
<summary>
  Recherche une ressource localisée de type System.Drawing.Bitmap.
</summary>
</member>
<member name="P:FirstNote.My.Resources.Resources.reglages">
<summary>
  Recherche une ressource localisée de type System.Drawing.Bitmap.
</summary>
</member>
<member name="P:FirstNote.My.Resources.Resources.sauvegarder">
<summary>
  Recherche une ressource localisée de type System.Drawing.Bitmap.
</summary>
</member>
</members>
</doc>
